Форма 14. Уровни воды рек, ручьев, каналов, см;;;;;;;;;;;;;;
;;;;;;;;;;;;;;
;;;;;;;;;;;;;;
Среднесуточные уровни воды рек, ручьев, каналов по постам , см;;;;;;;;;;;;;;
;;;;;;;;;;;;;;
Условия выбора данных:;;;;;;;;;;;;;;
Год: 2014;;;;;;;;;;;;;;
Бассейновый округ: Енисейский бассейновый округ;;;;;;;;;;;;;;
Бассейн: Енисей (российская часть бассейна);;;;;;;;;;;;;;
Подбассейн: Нижняя Тунгуска;;;;;;;;;;;;;;
;;;;;;;;;;;;;;
Условные обозначения;;;;;;;;;;;;;;
;;;;;;;;;;;;;;
Символ;Описание;Символ;Описание;;;;;;;;;;;
"""";высший и низший уровень за месяц в один день;V;искажение стока воды искусственными явлениями;;;;;;;;;;;
#;изменение ледовых условий техническими средствами;W;вода течет поверх льда;;;;;;;;;;;
&;ледостав с торосами;Z;неполный ледостав;;;;;;;;;;;
(;закраины;А;трава на дне;;;;;;;;;;;
);забереги;Б;зажор выше поста;;;;;;;;;;;
*;редкий шугоход;В;стоячая вода;;;;;;;;;;;
/;искажение уровня воды естественными или искусственными явлениями;Г;средний и густой ледоход вторичный;;;;;;;;;;;
:;сало;Д;естественные или искусственные деформации русла;;;;;;;;;;;
";";внутриводный лед;Е;наледная вода;;;;;;;;;;;
@;плавучий лед;И;редкая снежура;;;;;;;;;;;
[;залом леса;К;редкий ледоход вторичный;;;;;;;;;;;
];подо льдом шуга;Л;редний и густой ледоход;;;;;;;;;;;
^;высший уровень за месяц;Н;наледь;;;;;;;;;;;
_;низший уровень за месяц;П;подвижка льда;;;;;;;;;;;
~;вода на льду (стоячая);прмз;река промерзла;;;;;;;;;;;
+;ледоход поверх льда;прсх;река пересохла;;;;;;;;;;;
<;затор ниже поста;Р;разводья;;;;;;;;;;;
=;лед ярусный;С;средняя и густая снежура;;;;;;;;;;;
>;затор выше поста;Т;трава;;;;;;;;;;;
F;лед нависший;Ф;ледяная перемычка;;;;;;;;;;;
I;ледостав;Х;редкий ледоход;;;;;;;;;;;
L;лесосплав;Ш;средний и густой шугоход;;;;;;;;;;;
N;навалы льда;Ъ;зажор ниже поста;;;;;;;;;;;
Q;лед на дне;ю;пониженная точность измерения;;;;;;;;;;;
S;сель;;;;;;;;;;;;;
;;;;;;;;;;;;;;
;;;;;;;;;;;;;;
Код поста;;9403;;;;;;;;;;;;
Год;;2014;;;;;;;;;;;;
Река-пост;;Нижняя Тунгуска - р.Нижняя Тунгуска - д.Верхнекарелина;;;;;;;;;;;;
Отметка нуля;;44.8;;;;;;;;;;;;
;;;;;;;;;;;;;;
Система высот;;БС;;;;;;;;;;;;
Число;;Месяц;;;;;;;;;;;;
;;1;;2;3;4;5;6;7;8;9;10;11;12
1;;81 _I;;94 ^I;90 I;99 _I;205 ^;94 ^;65 Т;64 _Т;66 ^Т;57 _Т;68 _I;71 _I
2;;82 I;;93 I;89 _I;99 I;130;92;65 Т;64 _Т;65 Т;57 _Т;69 _I;71 _I
3;;82 I;;93 I;89 _I;100 I;123;90;66 Т;64 _Т;65 Т;57 _Т;69 I;72 _I
4;;82 I;;93 I;90 I;101 I;120;88;68 Т;64 _Т;64 Т;57 _Т;70 I;72 I
5;;82 I;;93 I;90 I;102 I;117;89;68 Т;64 _Т;64 Т;58 ):;70 I;73 I
6;;82 I;;92 I;90 I;102 I;114;91;69 ^Т;64 _Т;63 Т;58 ):;70 I;73 I
7;;83 I;;92 I;90 I;103 Z;112;92;69 ^Т;64 _Т;63 Т;58 *);69 I;73 I
8;;83 I;;92 I;90 I;103 Z;102;92;69 ^Т;64 _Т;64 Т;59 *);70 I;73 I
9;;84 I;;92 I;91 I;105 Z;97;90 Т;68 Т;64 _Т;64 Т;59 );71 I;74 I
10;;84 I;;91 I;91 I;106 Z;95;89 Т;68 Т;64 _Т;64 Т;60 );71 I;75 I
11;;84 I;;90 I;92 I;108 Z;93;89 Т;67 Т;64 _Т;64 Т;60 );71 I;75 I
12;;84 I;;90 I;92 I;109 Z;92;87 Т;66 Т;64 _Т;64 Т;60 );72 ^I;75 I
13;;84 I;;90 I;92 I;111 Z;91;85 Т;66 Т;64 _Т;64 Т;60 );72 ^I;76 I
14;;84 I;;89 I;93 I;113 WZ;89;84 Т;65 Т;64 _Т;64 Т;61 ):;72 ^I;77 I
15;;84 I;;89 I;93 I;117 WZ;85;83 Т;65 Т;64 _Т;64 Т;61 *);72 ^I;78 I
16;;84 I;;87 I;93 I;120 WZ;83;82 Т;65 Т;64 _Т;63 Т;62 *);72 ^I;79 I
17;;84 I;;86 _I;94 I;116 (Z;79;80 Т;65 Т;64 _Т;63 Т;63 *);72 ^I;80 I
18;;85 I;;86 _I;94 I;162 РП;77;78 Т;65 Т;65 Т;63 Т;64 *);72 ^I;81 I
19;;85 I;;87 _I;94 I;233 ХП;75;77 Т;65 Т;66 Т;62 Т;67 *);71 I;83 I
20;;86 I;;87 I;95 I;326 <Л;73 _;76 Т;65 Т;66 Т;62 Т;65 *);71 I;84 I
21;;90 I;;88 I;95 I;394 ^<Л;72 _;74 Т;65 Т;66 Т;62 Т;72 ^*);71 I;86 I
22;;92 I;;88 I;95 I;389 <Х;73 _;72 Т;65 Т;67 ^Т;61 Т;70 *);71 I;88 I
23;;92 I;;89 I;96 I;360 <;74;72 Т;65 Т;67 ^Т;61 Т;68 *);71 I;90 I
24;;94 I;;89 I;97 I;333 <;76;70 Т;65 Т;67 ^Т;61 Т;67 Ш);71 I;90 I
25;;93 I;;89 I;97 I;328 <;77;70 Т;65 Т;66 Т;61 _Т;67 Z;71 I;91 ^I
26;;94 I;;89 I;97 I;305 <Х;78;68 Т;64 _Т;66 Т;60 _Т;67 Z;71 I;91 ^I
27;;95 ^I;;89 I;97 I;280 <;86;68 Т;64 _Т;65 Т;60 _Т;67 Z;71 I;91 ^I
28;;94 I;;90 I;97 I;273 <;91;67 Т;64 _Т;65 Т;60 _Т;68 Z;70 I;91 ^I
29;;94 I;;;98 ^I;251 <;96;65 _Т;64 _Т;66 Т;60 _Т;67 Z;70 I;91 ^I
30;;94 I;;-;98 ^I;229 <;96;64 _Т;64 _Т;67 ^Т;60 _Т;67 Z;70 I;91 ^I
31;;94 I;;-;98 ^I;-;97;-;64 _Т;66 Т;-;66 Z;-;91 ^I
Декада;;;;;;;;;;;;;;
1;;;;;;;;;;;;;;
2;;;;;;;;;;;;;;
3;;;;;;;;;;;;;;
Средний;;87;;90;93;189;96;81;66;65;63;63;71;81
Высший;;95;;94;98;395;206;94;69;67;66;72;72;91
Низший;;81;;86;89;98;72;64;64;64;60;57;68;71
;;;;;;;;;;;;;;
;;;;;;;;;;;;;;
Средний уровень;;Высший;;;;;Низший периода открытого русла;;;;Низший зимнего периода;;;
;;уровень;;дата;;число случаев;уровень;дата;;число случаев;уровень;дата;;число случаев
;;;;первая;последняя;;;первая;последняя;;;первая;последняя;
87;;395;;21.04.2014;;1;57;01.10.2014;04.10.2014;4;61;05.10.2013;07.10.2013;3
;;;;;;;;;;;;;;
;;;;;;;;;;;;;;
;;;;;;;;;;;;;;
;;;;;;;;;;;;;;
Код поста;;9404;;;;;;;;;;;;
Год;;2014;;;;;;;;;;;;
Река-пост;;Нижняя Тунгуска - р.Нижняя Тунгуска - с.Подволошино;;;;;;;;;;;;
Отметка нуля;;329.72;;;;;;;;;;;;
;;;;;;;;;;;;;;
Система высот;;БС;;;;;;;;;;;;
Число;;Месяц;;;;;;;;;;;;
;;1;;2;3;4;5;6;7;8;9;10;11;12
1;;66 _I;;71 _I;86 _I;88 _~;372 ^;161 ^;72 ^;48 _;72;73 ^;56 _Z;68 I
2;;66 _I;;71 _I;86 _I;88 _~;338;153;72 ^;48 _;72;73 ^;56 _Z;68 I
3;;66 _I;;71 _I;86 _I;89 ~;276;144;72 ^;48 _;72;72;57 _Z;68 I
4;;66 _I;;71 _I;87 _I;90 ~;231;135;72 ^;48 _;72;72;57 Z;69 ^I
5;;67 _I;;71 _I;87 I;90 ~;192;129;72 ^;48 _;72;72;58 Z;68 ^I
6;;67 I;;71 _I;87 I;96 ~;174;123;71;48 _;72;71;58 Z;67 I
7;;67 I;;71 _I;87 I;102 ~;170;123;70;48 _;71;71;59 Z;67 I
8;;67 I;;72 I;87 I;107 ~;170;128;70;48 _;71;69;59 Z;67 I
9;;67 I;;72 I;87 I;110 ~;165;135;70;48 _;70;69;59 Z;67 I
10;;67 I;;72 I;87 I;110 ~;158;132;70;49;70;68;60 Z;66 I
11;;68 I;;72 I;87 I;110 ~;155;124;69;49;69;68;62 Z;66 I
12;;68 I;;72 I;87 I;112 (;152;119;69;49;69;67;62 I;67 I
13;;68 I;;72 I;87 I;112 (;147;115;68;49;69;65;63 I;67 I
14;;68 I;;72 I;87 I;150 (;145;116;65;49;67 _;62;64 I;67 I
15;;69 I;;73 I;88 ^I;227 (;139;122;63;49;68 _;60 Ш);66 I;66 I
16;;69 I;;73 I;88 ^I;232 (;132;127;61;50;69;59 Ш);66 I;66 I
17;;69 I;;74 I;88 ^I;237 РП;126;128;59;50;69;57 Ш);67 I;66 _I
18;;70 I;;75 I;88 ^I;232 РП;120;129;57;50;70;56 *);67 I;65 _I
19;;70 I;;77 I;88 ^I;233 РП;116;126;54;50;70;56 *);67 I;65 _I
20;;70 I;;79 I;88 ^I;255 РП;111;124;50;51;71;56 *);67 I;65 _I
21;;70 I;;80 I;88 ^I;429 <Х;109 _;119;50;51;71;56 Z;67 I;65 _I
22;;71 ^I;;82 I;88 ^I;534 ^<Л;110 _;114;50;66;72;55 _Z;68 ^I;66 I
23;;71 ^I;;82 I;88 ^I;478 <Л;112;109;49;66;71;55 _Z;68 ^I;66 I
24;;71 ^I;;84 I;88 ^I;481 <Х;116;98;49;67;70;55 _Z;68 ^I;66 I
25;;71 ^I;;85 I;88 ^I;472 <Х;115;87;49;68;70;55 _Z;68 ^I;66 I
26;;71 ^I;;86 ^I;88 ^I;443 <;117;82;49;69;69;55 _Z;68 ^I;67 I
27;;71 ^I;;86 ^I;88 ^I;381 <;130;79;49 _;69;70;56 Z;68 ^I;67 I
28;;71 ^I;;86 ^I;88 ^I;389 <;161;78;48 _;72 ^;71;56 Z;68 ^I;67 I
29;;71 ^I;;;88 ^I;412 <;174;78 _;48 _;72 ^;72;56 Z;68 ^I;67 I
30;;71 ^I;;-;88 ^I;412 <;166;77 _;48 _;72 ^;73 ^;56 Z;68 ^I;67 I
31;;71 ^I;;-;88 ^I;-;163;-;48 _;72 ^;-;56 Z;-;67 I
Декада;;;;;;;;;;;;;;
1;;;;;;;;;;;;;;
2;;;;;;;;;;;;;;
3;;;;;;;;;;;;;;
Средний;;69;;76;87;243;163;117;60;56;70;62;64;67
Высший;;71;;86;88;580;385;162;72;72;73;73;68;69
Низший;;66;;71;86;88;109;77;48;48;67;55;56;65
;;;;;;;;;;;;;;
;;;;;;;;;;;;;;
Средний уровень;;Высший;;;;;Низший периода открытого русла;;;;Низший зимнего периода;;;
;;уровень;;дата;;число случаев;уровень;дата;;число случаев;уровень;дата;;число случаев
;;;;первая;последняя;;;первая;последняя;;;первая;последняя;
95;;580;;22.04.2014;;1;48;27.07.2014;09.08.2014;14;62;09.12.2013;13.12.2013;5
;;;;;;;;;;;;;;
;;;;;;;;;;;;;;
;;;;;;;;;;;;;;
;;;;;;;;;;;;;;
Код поста;;9405;;;;;;;;;;;;
Год;;2014;;;;;;;;;;;;
Река-пост;;Нижняя Тунгуска - р.Нижняя Тунгуска - с.Преображенка;;;;;;;;;;;;
Отметка нуля;;283.81;;;;;;;;;;;;
;;;;;;;;;;;;;;
Система высот;;БС;;;;;;;;;;;;
Число;;Месяц;;;;;;;;;;;;
;;1;;2;3;4;5;6;7;8;9;10;11;12
1;;188 _I;;192 I;192 I;194 _I;678 ^;307 ^;188 ^;150;154;156;161 ^Z;156 I
2;;188 _I;;192 I;192 I;194 _I;651;303;186;150;154;157;160 Z;156 I
3;;188 _I;;192 I;192 I;195 I;613;299;183;149;154;157;160 Z;155 I
4;;188 _I;;192 I;192 I;197 I;572;296;181;149;156;158;160 Z;155 I
5;;188 _I;;192 I;193 I;199 I;538;294;181;149;157;158;159 Z;155 I
6;;188 _I;;192 I;193 I;201 I;525;293;181;148;158;158;159 Z;155 I
7;;188 _I;;193 ^I;193 I;204 I;533;290;180;148;159 ^;158;160 Z;154 _I
8;;188 _I;;193 ^I;193 I;205 I;536;286;179;148;159 ^;157;161 ^Z;154 _I
9;;188 _I;;193 ^I;194 ^I;207 I;523;279;178;148;159 ^;157;161 ^Z;154 _I
10;;188 _I;;193 ^I;194 ^I;209 ~;497;272;175;148;158;157;161 ^Z;154 _I
11;;189 I;;192 I;193 I;209 ~;472;266;173;148;157;156;161 ^I;155 I
12;;189 I;;192 I;193 I;209 ~;455;263;170;147 _;156;155;161 ^I;155 I
13;;189 I;;192 I;192 I;217 ~;438;262;169;147 _;155;154;160 I;156 I
14;;189 I;;192 I;192 I;227 (;413;264;166;148;155;153;160 I;156 I
15;;189 I;;192 I;192 I;235 (;383;271;165;148;154;153 _Ш);159 I;157 I
16;;189 I;;192 I;191 _I;245 (;357;280;163;148 _;153;154 Z;159 I;157 I
17;;189 I;;192 I;191 _I;252 (;338;284;161;147 _;153;151 Z;160 I;158 I
18;;189 I;;192 I;191 _I;260 (;320;291;160;147 _;153;158 Z;160 I;158 I
19;;189 I;;192 I;191 _I;288 (;304;297;159;147 _;153;184 ^Z;160 I;159 I
20;;190 I;;192 I;191 _I;334 РП;288;297;159;148;153;184 ^Z;159 I;159 I
21;;190 I;;191 _I;192 I;364 РП;277;289;158;148;153;181 Z;159 I;160 I
22;;190 I;;191 _I;192 I;404 РП;268 _;275;157;150;152 _;179 Z;159 I;160 I
23;;190 I;;191 _I;192 I;470 РП;269 _;260;156;150;152 _;175 Z;158 I;161 I
24;;190 I;;191 _I;192 I;583 <Л;279;245;155;151;152 _;172 Z;158 I;161 I
25;;190 I;;191 _I;193 I;713 ^<Л;286;232;155;151;152 _;171 Z;158 I;162 I
26;;191 ^I;;191 _I;193 I;676 ^<Л;287;220;154;152;154;170 Z;158 I;163 I
27;;191 ^I;;191 _I;193 I;631 Х;291;211;153;152;155;170 Z;157 I;163 I
28;;191 ^I;;191 _I;193 I;655;301;204;153;153;155;170 Z;157 I;164 I
29;;191 ^I;;;194 ^I;680;310;198;152;153;156;167 Z;157 _I;165 I
30;;191 ^I;;-;194 ^I;691;314;192 _;151;153;156;165 Z;156 _I;165 I
31;;191 ^I;;-;194 ^I;-;309;-;150 _;154 ^;-;162 Z;-;166 ^I
Декада;;;;;;;;;;;;;;
1;;;;;;;;;;;;;;
2;;;;;;;;;;;;;;
3;;;;;;;;;;;;;;
Средний;;189;;192;192;345;407;267;166;149;155;163;159;158
Высший;;191;;193;194;770;684;307;189;154;159;185;161;166
Низший;;188;;191;191;194;267;191;150;147;152;150;156;154
;;;;;;;;;;;;;;
;;;;;;;;;;;;;;
Средний уровень;;Высший;;;;;Низший периода открытого русла;;;;Низший зимнего периода;;;
;;уровень;;дата;;число случаев;уровень;дата;;число случаев;уровень;дата;;число случаев
;;;;первая;последняя;;;первая;последняя;;;первая;последняя;
212;;770;;25.04.2014;26.04.2014;2;147;12.08.2014;19.08.2014;6;155;14.10.2013;17.10.2013;3
;;;;;;;;;;;;;;
;;;;;;;;;;;;;;
;;;;;;;;;;;;;;
;;;;;;;;;;;;;;
Код поста;;9406;;;;;;;;;;;;
Год;;2014;;;;;;;;;;;;
Река-пост;;Нижняя Тунгуска - р.Нижняя Тунгуска - с.Ербогачен;;;;;;;;;;;;
Отметка нуля;;256.08;;;;;;;;;;;;
;;;;;;;;;;;;;;
Система высот;;БС;;;;;;;;;;;;
Число;;Месяц;;;;;;;;;;;;
;;1;;2;3;4;5;6;7;8;9;10;11;12
1;;98 ^I;;"95 ""I";95 ^I;94 _I;863 <Х;380;236 ^;82;94 _;115;112 ^I;108 ^I
2;;98 ^I;;"95 ""I";95 ^I;94 _I;869 <Х;381 ^;201;81;95;117;112 ^I;108 ^I
3;;98 ^I;;"95 ""I";95 ^I;94 _I;869 ^<Х;372;174;80;96;117;112 ^I;108 ^I
4;;98 ^I;;"95 ""I";95 ^I;94 _I;851 <;362;152;80;97;117;112 ^I;108 ^I
5;;98 ^I;;"95 ""I";95 ^I;94 _I;817 <;351;141;79;97;117;112 ^I;108 ^I
6;;98 ^I;;"95 ""I";95 ^I;94 _I;779 <;341;136;78;96;116;111 I;108 ^I
7;;98 ^I;;"95 ""I";95 ^I;94 _I;767 <;335;129;77;97;116;111 I;108 ^I
8;;97 I;;"95 ""I";94 _I;94 _~;760 <;328;124;77;97;114;111 I;107 I
9;;97 I;;"95 ""I";94 _I;94 _~;760 <;319;119;77;98;113;111 I;107 I
10;;97 I;;"95 ""I";94 _I;95 _~;761 <;311;115;76 _;100;112;110 I;107 I
11;;97 I;;"95 ""I";94 _I;96 ~;758 <;304;113;77 _;101;110;110 I;107 I
12;;97 I;;"95 ""I";94 _I;96 ~;754 <;302;113;79;101;109;110 I;107 I
13;;97 I;;"95 ""I";94 _I;97 ~;747 <;301;111;81;100;106;110 I;107 I
14;;97 I;;"95 ""I";94 _I;98 ~;736 <;300;109;82;100;104;110 I;107 I
15;;97 I;;"95 ""I";94 _I;98 ~;720 <;295;107;83;99;104 *);110 I;107 I
16;;97 I;;"95 ""I";94 _I;100 (;695 <;300;105;83;99;100 _Ш);110 I;107 I
17;;97 I;;"95 ""I";94 _I;102 (;657;312;103;83;98;113 Ш);110 I;107 I
18;;97 I;;"95 ""I";94 _I;105 (;622;325;101;83;98;129 ^I;110 I;107 I
19;;96 I;;"95 ""I";94 _I;129 (;558;344;99;84;99;127 I;110 I;106 I
20;;96 I;;"95 ""I";94 _I;166 (;486;361;97;85;99;125 I;110 I;106 I
21;;96 I;;"95 ""I";94 _I;218 РП;408;371;95;84;100;124 I;110 I;106 I
22;;96 I;;"95 ""I";94 _I;268 РП;390;371;93;83;102;123 I;110 I;106 I
23;;96 I;;"95 ""I";94 _I;334 <Х;379;361;91;84;100;121 I;110 I;106 I
24;;96 I;;"95 ""I";94 _I;428 <Х;369;349;90;87;101;121 I;109 I;106 I
25;;96 I;;"95 ""I";94 _I;513 <Х;360;333;89;88;104;120 I;109 I;106 I
26;;96 I;;"95 ""I";94 _I;640 <Л;351;320;88;88;105;118 I;109 I;105 I
27;;96 I;;"95 ""I";94 _I;798 <Л;344 _;312;87;89;106;117 I;109 I;105 I
28;;95 _I;;"95 ""I";94 _I;984 ^<Л;349;305;86;89;107;114 I;109 I;105 I
29;;95 _I;;;94 _I;901 <Х;359;290;85;90;110;113 I;108 _I;105 I
30;;95 _I;;-;94 _I;853 <Х;364;267 _;84;91;112 ^;113 I;108 _I;104 _I
31;;95 _I;;-;94 _I;-;374;-;83 _;92 ^;-;112 I;-;104 _I
Декада;;;;;;;;;;;;;;
1;;;;;;;;;;;;;;
2;;;;;;;;;;;;;;
3;;;;;;;;;;;;;;
Средний;;97;;95;94;266;609;330;115;83;100;115;110;107
Высший;;98;;95;95;1022;872;382;246;92;113;130;112;108
Низший;;95;;95;94;94;344;260;83;76;93;97;108;104
;;;;;;;;;;;;;;
;;;;;;;;;;;;;;
Средний уровень;;Высший;;;;;Низший периода открытого русла;;;;Низший зимнего периода;;;
;;уровень;;дата;;число случаев;уровень;дата;;число случаев;уровень;дата;;число случаев
;;;;первая;последняя;;;первая;последняя;;;первая;последняя;
177;;1022;;28.04.2014;;1;76;10.08.2014;11.08.2014;2;89;14.10.2013;;1
;;;;;;;;;;;;;;
;;;;;;;;;;;;;;
;;;;;;;;;;;;;;
;;;;;;;;;;;;;;
Код поста;;9408;;;;;;;;;;;;
Год;;2014;;;;;;;;;;;;
Река-пост;;Нижняя Тунгуска - р.Нижняя Тунгуска - пос.Кислокан;;;;;;;;;;;;
Отметка нуля;;175.92;;;;;;;;;;;;
;;;;;;;;;;;;;;
Система высот;;БС;;;;;;;;;;;;
Число;;Месяц;;;;;;;;;;;;
;;1;;2;3;4;5;6;7;8;9;10;11;12
1;;230 ^I;;224 ^I;216 ^I;209 _I;470 _ПZ;715 ^;439;213;285;289 ^;241 Z;233 ^I
2;;230 ^I;;224 ^I;216 ^I;209 _I;604 ПZ;674;452 ^;210;288;286;246 ^Z;232 I
3;;229 I;;223 I;216 ^I;210 I;724 ПZ;628;435;208;293;284;240 Z;232 I
4;;229 I;;223 I;215 I;210 I;761 Л;584;408;205;319 ^;282;232 Z;231 I
5;;229 I;;223 I;215 I;211 I;922 Л;548;376;204;311;281;238 Z;231 I
6;;229 I;;223 I;215 I;211 I;976 Л;540;364;202;308;280;239 Z;231 I
7;;228 I;;222 I;215 I;211 I;1056 Х;535;351;201;305;279;240 Z;230 I
8;;228 I;;222 I;214 I;211 I;1146 Х;533;332;201;302;277;230 _Z;229 I
9;;228 I;;221 I;214 I;212 I;1193 ^Х;534;319;201;300;276;234 Z;229 I
10;;228 I;;221 I;214 I;212 I;1184;546;302;199 _;299;274;239 Z;228 I
11;;227 I;;221 I;213 I;212 I;1163;553;298;200 _;296;271 Ш);239 Z;227 I
12;;227 I;;221 I;213 I;212 I;1144;556;290;202;293;269 Ш);239 Z;226 I
13;;227 I;;221 I;213 I;212 I;1112;558;280;202;290;267 Ш);244 Z;225 I
14;;227 I;;220 I;212 I;212 I;1067;606;271;204;288;267 Ш);244 I;224 I
15;;227 I;;220 I;212 I;213 I;1014;684;264;212;287;265 Ш);244 I;224 I
16;;227 I;;220 I;211 I;214 I;942;720;259;231;286;267 Ш);240 I;224 I
17;;226 I;;219 I;210 I;214 I;894;704;254;251;284;262 Z;241 I;223 I
18;;226 I;;219 I;210 I;215 I;904;654;251;266;282;266 Z;240 I;223 I
19;;226 I;;219 I;210 I;217 ~;902;585;247;269;286 _;260 Z;240 I;222 I
20;;226 I;;219 I;209 I;219 ~;888;545;244;263;300;249 Z;240 I;221 I
21;;226 I;;218 I;209 I;221 ~;860;513;238;255;305;248 Z;239 I;221 I
22;;225 I;;218 I;209 I;224 ~;825;480;236;253;307;262 Z;239 I;221 I
23;;225 I;;218 I;209 I;227 ~;794;461;233;257;303;252 Z;238 I;220 I
24;;225 I;;217 I;209 I;231 ~;788;445;227;261;300;254 Z;238 I;220 I
25;;225 I;;217 I;208 _I;233 ~;780;436;226;264;297;252 Z;237 I;220 I
26;;225 I;;217 I;208 _I;235 ~;777;430;221;266;296;250 Z;237 I;220 I
27;;225 I;;217 I;209 I;239 ~;776;424;219;270;296;249 Z;236 I;219 I
28;;224 _I;;216 _I;209 I;245 ~;779;420 _;218;278;294;248 Z;236 I;219 I
29;;224 _I;;;209 I;251 ~;780;424;213 _;281;292;245 Z;235 I;219 I
30;;224 _I;;-;209 I;288 ^ПZ;774;424;214 _;282;291;245 Z;234 I;218 _I
31;;224 _I;;-;209 I;-;750;-;214 _;283 ^;-;242 _Z;-;218 _I
Декада;;;;;;;;;;;;;;
1;;;;;;;;;;;;;;
2;;;;;;;;;;;;;;
3;;;;;;;;;;;;;;
Средний;;227;;220;212;221;895;549;287;235;296;264;239;225
Высший;;230;;224;216;318;1194;725;453;283;319;289;246;233
Низший;;224;;216;208;209;411;419;213;199;280;241;230;218
;;;;;;;;;;;;;;
;;;;;;;;;;;;;;
Средний уровень;;Высший;;;;;Низший периода открытого русла;;;;Низший зимнего периода;;;
;;уровень;;дата;;число случаев;уровень;дата;;число случаев;уровень;дата;;число случаев
;;;;первая;последняя;;;первая;последняя;;;первая;последняя;
323;;1194;;09.05.2014;;1;199;10.08.2014;11.08.2014;2;199;02.10.2013;03.10.2013;2
;;;;;;;;;;;;;;
;;;;;;;;;;;;;;
;;;;;;;;;;;;;;
;;;;;;;;;;;;;;
Код поста;;9410;;;;;;;;;;;;
Год;;2014;;;;;;;;;;;;
Река-пост;;Нижняя Тунгуска - р.Нижняя Тунгуска - пгт Тура;;;;;;;;;;;;
Отметка нуля;;124.84;;;;;;;;;;;;
;;;;;;;;;;;;;;
Система высот;;БС;;;;;;;;;;;;
Число;;Месяц;;;;;;;;;;;;
;;1;;2;3;4;5;6;7;8;9;10;11;12
1;;274 I;;275 ^I;274 I;278 I;413 _(;1106;1204 ^;633 ^;470;394 ^;364 I;326 ^I
2;;274 I;;275 ^I;274 I;278 I;428 (;1112;1105;599;515;386;365 I;322 I
3;;273 I;;275 ^I;274 I;278 I;462 П(;1104;960;552;690;376;366 I;319 I
4;;273 I;;275 ^I;273 _I;278 I;546 П;1048;819;506;800 ^;365 Ш);367 I;317 I
5;;273 I;;275 ^I;273 _I;278 I;659 <П;986;748;469;777;362 Ш);367 I;316 I
6;;273 I;;275 ^I;273 _I;278 I;1006 ЛN;981;667;435;739;357;368 I;311 I
7;;273 I;;275 ^I;273 _I;278 I;1107 ЛN;1063;602;410;709;352;369 I;306 I
8;;272 _I;;275 ^I;273 _I;278 I;1145 Х;1136;567;392;674;349;370 I;302 I
9;;272 _I;;275 ^I;273 _I;278 I;1244;1168;536;388 _;634;346;371 I;299 I
10;;272 _I;;275 ^I;273 _I;276 _I;1289;1156;506;397;602;341;373 ^I;298 I
11;;273 I;;275 ^I;273 _I;277 _~;1369 ^;1141;477;425;574;336;372 I;297 I
12;;273 I;;275 ^I;274 I;279 ~;1311;1143;465;458;551;329 Ш);370 I;297 I
13;;274 I;;275 ^I;274 I;279 ~;1246;1141;487;468;528;320 Ш);369 I;296 I
14;;274 I;;275 ^I;275 I;279 ~;1200;1135;485;474;512;312 Ш);368 I;295 I
15;;275 I;;275 ^I;275 I;278 ~;1218;1192;479;498;501;293 Ш);366 I;294 I
16;;275 I;;275 ^I;276 I;278 ~;1273;1228;483;509;497;332 _Ш);365 I;294 I
17;;275 I;;275 ^I;276 I;279 ~;1310;1210;515;499;506;359 ];362 I;293 I
18;;276 ^I;;275 ^I;277 I;281 ~;1347;1237;540;481;524;303 ];359 I;293 I
19;;276 ^I;;275 ^I;277 I;283 ~;1292;1243 ^;544;469;536;299 ];356 I;292 I
20;;276 ^I;;275 ^I;278 I;285 ~;1205;1221;511;469;530;300 ];354 I;292 I
21;;276 ^I;;275 ^I;278 I;286 ~;1090;1164;477;478;524;315 ];353 I;290 _I
22;;276 ^I;;275 ^I;278 I;287 ~;1051;1101;449;487;520;313 ];350 I;290 _I
23;;276 ^I;;275 ^I;279 I;287 ~;1135;1024;426;514;513;310 ];344 I;291 I
24;;276 ^I;;275 ^I;279 I;288 ~;1165;959;393;511;501;310 ];342 I;292 I
25;;276 ^I;;274 _I;280 ^I;292 ~;1197;907;385 _;488;484;344 ];340 I;292 I
26;;276 ^I;;274 _I;279 I;299 (;1205;868;489;474;470;350 ];338 I;293 I
27;;275 I;;274 _I;279 I;308 (;1215;819;728;457;459;354 ];337 I;294 I
28;;275 I;;274 _I;278 I;321 (;1216;788 _;914;449;436;357 ];334 I;294 I
29;;275 I;;;278 I;356 (;1172;968;927;447;421;359 ];332 I;295 I
30;;275 I;;-;279 I;387 ^(;1142;1111;791;449;409 _;361 ];328 _I;296 I
31;;275 I;;-;279 I;-;1123;-;690;455;-;362 ];-;297 I
Декада;;;;;;;;;;;;;;
1;;;;;;;;;;;;;;
2;;;;;;;;;;;;;;
3;;;;;;;;;;;;;;
Средний;;274;;275;276;290;1090;1082;625;475;554;340;357;299
Высший;;276;;275;280;393;1382;1249;1224;640;802;396;373;326
Низший;;272;;274;273;276;409;778;380;387;406;279;328;290
;;;;;;;;;;;;;;
;;;;;;;;;;;;;;
Средний уровень;;Высший;;;;;Низший периода открытого русла;;;;Низший зимнего периода;;;
;;уровень;;дата;;число случаев;уровень;дата;;число случаев;уровень;дата;;число случаев
;;;;первая;последняя;;;первая;последняя;;;первая;последняя;
495;;1382;;11.05.2014;;1;374;03.10.2014;;1;234;16.10.2013;;1
;;;;;;;;;;;;;;
;;;;;;;;;;;;;;
;;;;;;;;;;;;;;
;;;;;;;;;;;;;;
Код поста;;9413;;;;;;;;;;;;
Год;;2014;;;;;;;;;;;;
Река-пост;;Нижняя Тунгуска - р.Нижняя Тунгуска - пос.Учами;;;;;;;;;;;;
Отметка нуля;;83.41;;;;;;;;;;;;
;;;;;;;;;;;;;;
Система высот;;БС;;;;;;;;;;;;
Число;;Месяц;;;;;;;;;;;;
;;1;;2;3;4;5;6;7;8;9;10;11;12
1;;207 ^I;;203 ^I;201 ^I;200 _I;251 _(;1379;1287;565 ^;315 _;308 ^;;230 ^I
2;;207 ^I;;203 ^I;201 ^I;200 _I;271 (;1405;1390 ^;493;335;290;;230 ^I
3;;207 ^I;;203 ^I;201 ^I;200 _I;303 (;1417;1275;450;393;273 И;;230 ^I
4;;207 ^I;;203 ^I;201 ^I;200 _I;340 П(;1424;1020;408;455;268 И;;230 ^I
5;;207 ^I;;203 ^I;201 ^I;200 _I;424 П;1405;800;373;550;264 С;;229 I
6;;207 ^I;;203 ^I;201 ^I;200 _I;565 ЛП;1375;585;345;610;258 С;;229 I
7;;207 ^I;;203 ^I;201 ^I;200 _I;1095 Л;1380;475;320;630 ^;250;;229 I
8;;206 I;;202 _I;200 _I;200 _I;1275 Л;1418;410;295;590;249;;228 I
9;;206 I;;202 _I;200 _I;200 _I;1380 Л;1440;388;275 _;565;248;;228 I
10;;206 I;;202 _I;200 _I;200 _I;1422;1465;365;305;535;246;;228 I
11;;206 I;;202 _I;200 _I;200 _I;1443;1486 ^;349;285;490;245;;228 I
12;;206 I;;202 _I;200 _I;200 _I;1478 ^;1434;348;295;460;244;;228 I
13;;206 I;;202 _I;200 _I;200 _I;1453;1395;347;315;420;244;;227 I
14;;205 I;;202 _I;200 _I;200 _I;1408;1377;349;335;400;244;240 I;227 I
15;;205 I;;202 _I;200 _I;200 _I;1360;1368;351;355;408;243 *;239 I;227 I
16;;205 I;;202 _I;200 _I;200 _I;1404;1358;354;373;416;243 Ш;239 I;227 I
17;;205 I;;202 _I;200 _I;201 I;1428;1375;356;380;423;242 Ш;238 I;227 I
18;;205 I;;202 _I;200 _I;201 I;1455;1396;358;374;429;241 Ш;238 I;227 I
19;;205 I;;202 _I;200 _I;202 I;1435;1413;360;369;432;240 I;237 I;227 I
20;;204 I;;202 _I;200 _I;202 ~;1365;1395;364;365;429;239 I;236 I;226 I
21;;204 I;;202 _I;200 _I;204 ~;1310;1335;375;359;425;239 I;235 I;226 I
22;;204 I;;202 _I;200 _I;206 ~;1259;1294;384;357;418;238 I;235 I;226 I
23;;204 I;;202 _I;200 _I;208 ~;1264;1260;388;355;411;238 I;234 I;225 I
24;;204 I;;202 _I;200 _I;211 ~;1304;1206;340;354;408;237 I;234 I;225 I
25;;204 I;;202 _I;200 _I;215 ~;1341;1148;310;353;398;236 I;234 I;225 I
26;;204 I;;202 _I;200 _I;218 ~;1391;1055;260 _;355;388;235 I;233 I;225 I
27;;204 I;;202 _I;200 _I;222 (;1397;990;277;358;383;235 I;233 I;225 I
28;;203 _I;;202 _I;200 _I;227 (;1375;964;441;357;375;234 I;232 I;224 _I
29;;203 _I;;;200 _I;232 (;1359;950 _;723;353;335;234 I;231 I;224 _I
30;;203 _I;;-;200 _I;237 ^(;1345;1028;705;333;316 _;233 I;231 I;224 _I
31;;203 _I;;-;200 _I;-;1366;-;601;318;-;232 _I;-;224 _I
Декада;;;;;;;;;;;;;;
1;;;;;;;;;;;;;;
2;;;;;;;;;;;;;;
3;;;;;;;;;;;;;;
Средний;;205;;202;200;206;1170;1311;527;359;438;247;;227
Высший;;207;;203;201;237;1480;1490;1400;590;640;310;;230
Низший;;203;;202;200;200;249;950;249;270;314;232;;224
;;;;;;;;;;;;;;
;;;;;;;;;;;;;;
Средний уровень;;Высший;;;;;Низший периода открытого русла;;;;Низший зимнего периода;;;
;;уровень;;дата;;число случаев;уровень;дата;;число случаев;уровень;дата;;число случаев
;;;;первая;последняя;;;первая;последняя;;;первая;последняя;
;;1490;;11.06.2014;;1;249;26.07.2014;;1;200;08.03.2014;16.04.2014;40
;;;;;;;;;;;;;;
;;;;;;;;;;;;;;
;;;;;;;;;;;;;;
;;;;;;;;;;;;;;
Код поста;;9415;;;;;;;;;;;;
Год;;2014;;;;;;;;;;;;
Река-пост;;Нижняя Тунгуска - р.Нижняя Тунгуска - факт.Большой Порог;;;;;;;;;;;;
Отметка нуля;;14.02;;;;;;;;;;;;
;;;;;;;;;;;;;;
Система высот;;БС;;;;;;;;;;;;
Число;;Месяц;;;;;;;;;;;;
;;1;;2;3;4;5;6;7;8;9;10;11;12
1;;546 ^Z;;533 ^Z;524 ^I;512 I;527 _I;1854;1169;1151 ^;738 _;771;844 ];816 ^]
2;;546 ^Z;;533 ^Z;524 ^I;512 I;528 _~;1862;1239;1139;753;741;870 ];800 ]
3;;546 ^Z;;532 Z;523 ^I;512 I;531 ~;1871;1414;1052;760;719;875 ];788 ]
4;;546 ^Z;;532 Z;522 I;512 I;536 ~;1882;1508 ^;948;769;705;875 ];778 ]
5;;545 Z;;532 Z;522 I;511 _I;554 ~;1906;1426;888;793;694;880 ^];771 ]
6;;545 Z;;532 Z;521 I;510 _I;616 I;1904;1300;852;830;684;878 ^];764 ]
7;;545 Z;;532 Z;520 I;510 _I;659 I;1879;1167;820;921;673;873 ];759 ]
8;;545 Z;;532 Z;520 I;510 _I;1034 Л;1923;1042;774;1087 ^;667;872 ];755 ]
9;;545 Z;;531 Z;520 I;510 _I;2033 ^Л;2019;965;753;1105;662;870 ];751 ]
10;;545 Z;;531 Z;518 I;510 _I;2033 Л;2101;925;737;1062;655;870 ];744 ]
11;;544 Z;;531 Z;518 I;510 _I;1821 Х;2154;872;724;1045;650;870 ];741 ]
12;;543 Z;;531 Z;518 I;510 _I;1822 Х;2185 ^;818;710;1005;644;868 ];737 ]
13;;541 Z;;531 Z;518 I;511 _I;1907 Х;2180;790;698;939;637;868 ];731 ]
14;;541 Z;;530 Z;518 I;512 I;1929 Х;2178;780;691;892;630 Ш;865 ];727 ]
15;;539 Z;;530 Z;518 I;513 I;1893 Х;2159;768;680 _;885;620 Ш;865 ];722 ]
16;;539 Z;;530 Z;517 I;514 I;1854;2094;755;679 _;879;610 Ш;864 ];714 ]
17;;538 Z;;529 Z;516 I;515 I;1888;2094;751;681 _;858;608 Ш);863 ];709 ]
18;;537 Z;;529 Z;516 I;517 I;1951;2089;752;692;845;601 Ш);861 ];706 ]
19;;537 Z;;529 Z;514 I;520 I;2011;2089;756;710;840;577 Ш);861 ];703 ]
20;;536 Z;;528 Z;514 I;522 I;2023;2087;752;721;837;557 _Ш);861 ];702 ]
21;;536 Z;;528 Z;514 I;523 I;2003;2076;751;724;835;756 ]Z;861 ];699 ]
22;;536 Z;;528 Z;514 I;523 I;1928;1991;755;729;836;774 ]Z;859 ];696 ]
23;;535 Z;;526 I;514 I;523 I;1848;1907;766;724;841;782 ];856 ];694 ]
24;;534 Z;;526 I;514 I;524 I;1699;1784;772;719;843;799 ];851 ];691 ]
25;;534 Z;;524 _I;514 I;524 I;1688;1672;774;719;842;809 ];848 ];689 ]
26;;534 Z;;524 _I;513 _I;524 I;1776;1510;766;719;836;809 ];841 ];686 ]
27;;534 Z;;524 _I;512 _I;523 I;1896;1414;758;723;829;814 ];838 ];685 ]
28;;533 _Z;;524 _I;512 _I;523 I;1916;1328;750;737;815;814 ];832 ];683 ]
29;;533 _Z;;;512 _I;526 ^I;1906;1258;743 _;746;800;814 ];827 ];682 ]
30;;533 _Z;;-;512 _I;527 ^I;1902;1197 _;741 _;740;791;815 ^];821 _];680 ]
31;;533 _Z;;-;512 _I;-;1877;-;886;731;-;808 ];-;679 _]
Декада;;;;;;;;;;;;;;
1;;;;;;;;;;;;;;
2;;;;;;;;;;;;;;
3;;;;;;;;;;;;;;
Средний;;539;;529;517;516;1567;1888;916;778;870;706;860;725
Высший;;546;;533;524;527;2372;2187;1510;1159;1119;815;880;818
Низший;;533;;524;512;510;527;1187;740;679;734;551;820;678
;;;;;;;;;;;;;;
;;;;;;;;;;;;;;
Средний уровень;;Высший;;;;;Низший периода открытого русла;;;;Низший зимнего периода;;;
;;уровень;;дата;;число случаев;уровень;дата;;число случаев;уровень;дата;;число случаев
;;;;первая;последняя;;;первая;последняя;;;первая;последняя;
868;;2372;;09.05.2014;;1;635;13.10.2014;;1;510;05.04.2014;13.04.2014;9
;;;;;;;;;;;;;;
;;;;;;;;;;;;;;
;;;;;;;;;;;;;;
;;;;;;;;;;;;;;
Код поста;;9416;;;;;;;;;;;;
Год;;2014;;;;;;;;;;;;
Река-пост;;Непа - р.Непа - с.Токма;;;;;;;;;;;;
Отметка нуля;;428.12;;;;;;;;;;;;
;;;;;;;;;;;;;;
Система высот;;БС;;;;;;;;;;;;
Число;;Месяц;;;;;;;;;;;;
;;1;;2;3;4;5;6;7;8;9;10;11;12
1;;"77 ""I";;"77 ""I";77 _I;88 _I;475 ^;220;78 ^;71 _;78;85 ^);"75 ""I";"75 ""I"
2;;"77 ""I";;"77 ""I";77 _I;88 I;464;215;78 ^;71 _;78;80 );"75 ""I";"75 ""I"
3;;"77 ""I";;"77 ""I";77 _I;91 I;397;205;78 ^;71 _;78;80 );"75 ""I";"75 ""I"
4;;"77 ""I";;"77 ""I";77 _I;94 I;316;206;78 ^;71 _;78;80 );"75 ""I";"75 ""I"
5;;"77 ""I";;"77 ""I";77 _I;94 I;267;184;78 ^;71 _;78;80 );"75 ""I";"75 ""I"
6;;"77 ""I";;"77 ""I";77 _I;94 ~;251;163;76;71 _;78;80 );"75 ""I";"75 ""I"
7;;"77 ""I";;"77 ""I";77 _I;96 ~;275;159;76;72 _;78;80 );"75 ""I";"75 ""I"
8;;"77 ""I";;"77 ""I";77 _I;97 ~;303;149;75;72;78;80 );"75 ""I";"75 ""I"
9;;"77 ""I";;"77 ""I";77 _I;97 ~;298;146;75;72;78;80 );"75 ""I";"75 ""I"
10;;"77 ""I";;"77 ""I";77 _I;99 (;290;134;73;72;78;80 );"75 ""I";"75 ""I"
11;;"77 ""I";;"77 ""I";77 _I;109 (;269;144;72;73;78;80 );"75 ""I";"75 ""I"
12;;"77 ""I";;"77 ""I";77 _I;127 (;254;152;71 _;73;78;80 );"75 ""I";"75 ""I"
13;;"77 ""I";;"77 ""I";77 _I;162 (;232;193;71 _;73;78;80 );"75 ""I";"75 ""I"
14;;"77 ""I";;"77 ""I";77 _I;173 (;210;217;71 _;73;78;80 );"75 ""I";"75 ""I"
15;;"77 ""I";;"77 ""I";77 _I;168 (;200;216 ^;71 _;74;78;78 );"75 ""I";"75 ""I"
16;;"77 ""I";;"77 ""I";77 _I;168 (;203;219;71 _;74;78;78 );"75 ""I";"75 ""I"
17;;"77 ""I";;"77 ""I";77 _I;175 (;185;207;71 _;74;78;77 );"75 ""I";"75 ""I"
18;;"77 ""I";;"77 ""I";77 _I;176 (Z;167;185;71 _;75;78;76 I;"75 ""I";"75 ""I"
19;;"77 ""I";;"77 ""I";77 _I;186 (Z;155;169;71 _;76;78;75 _I;"75 ""I";"75 ""I"
20;;"77 ""I";;"77 ""I";77 _I;219 П(;148;155;71 _;78;78;75 _I;"75 ""I";"75 ""I"
21;;"77 ""I";;"77 ""I";77 _I;281 РП;144;154;71 _;82 ^;78;75 _I;"75 ""I";"75 ""I"
22;;"77 ""I";;"77 ""I";78 I;362 Л;145;142;71 _;82 ^;78;75 _I;"75 ""I";"75 ""I"
23;;"77 ""I";;"77 ""I";79 I;430;140;127;71 _;82 ^;77 _;75 _I;"75 ""I";"75 ""I"
24;;"77 ""I";;"77 ""I";80 I;462;137;119;71 _;82 ^;77 _;75 _I;"75 ""I";"75 ""I"
25;;"77 ""I";;"77 ""I";81 I;475 ^;135;116;71 _;81;81;75 _I;"75 ""I";"75 ""EI"
26;;"77 ""I";;"77 ""I";82 I;458;132 _;111;71 _;81;90;75 _I;"75 ""I";"75 ""EI"
27;;"77 ""I";;"77 ""I";83 I;426;131 _;99;71 _;81;91;75 _I;"75 ""I";"75 ""EI"
28;;"77 ""I";;"77 ""I";84 I;370;131 _;89;71 _;81;93;75 _I;"75 ""I";"75 ""EI"
29;;"77 ""I";;;85 I;442;142;85;71 _;82 ^;94 );75 _I;"75 ""I";"75 ""EI"
30;;"77 ""I";;-;86 I;464;159;82 _;71 _;80;95 ^);75 _I;"75 ""I";"75 ""EI"
31;;"77 ""I";;-;87 ^I;-;209;-;71 _;79;-;75 _I;-;"75 ""EI"
Декада;;;;;;;;;;;;;;
1;;;;;;;;;;;;;;
2;;;;;;;;;;;;;;
3;;;;;;;;;;;;;;
Средний;;77;;77;79;226;225;159;73;76;80;78;75;75
Высший;;77;;77;87;479;476;223;78;82;95;87;75;75
Низший;;77;;77;77;87;131;81;71;71;77;75;75;75
;;;;;;;;;;;;;;
;;;;;;;;;;;;;;
Средний уровень;;Высший;;;;;Низший периода открытого русла;;;;Низший зимнего периода;;;
;;уровень;;дата;;число случаев;уровень;дата;;число случаев;уровень;дата;;число случаев
;;;;первая;последняя;;;первая;последняя;;;первая;последняя;
108;;479;;25.04.2014;;1;71;12.07.2014;07.08.2014;27;68;26.10.2013;01.11.2013;7
;;;;;;;;;;;;;;
;;;;;;;;;;;;;;
;;;;;;;;;;;;;;
;;;;;;;;;;;;;;
Код поста;;9417;;;;;;;;;;;;
Год;;2014;;;;;;;;;;;;
Река-пост;;Непа - р.Непа - д.Ика ;;;;;;;;;;;;
Отметка нуля;;344.22;;;;;;;;;;;;
;;;;;;;;;;;;;;
Система высот;;БС;;;;;;;;;;;;
Число;;Месяц;;;;;;;;;;;;
;;1;;2;3;4;5;6;7;8;9;10;11;12
1;;"26 ""I";;"26 ""I";26 _I;53 _I;303 ^;133;45 ^;21;29;28 _;"27 ""I";"27 ""I"
2;;"26 ""I";;"26 ""I";26 _I;53 _I;295;140;43;20;30;29;"27 ""I";"27 ""I"
3;;"26 ""I";;"26 ""I";26 _I;53 _I;283;148;42;20;31 ^;31;"27 ""I";"27 ""I"
4;;"26 ""I";;"26 ""I";26 _I;53 _I;261;150;41;20;30;32 ^;"27 ""I";"27 ""I"
5;;"26 ""I";;"26 ""I";26 _I;54 _I;243;144;42;20;30;32 ^;"27 ""I";"27 ""I"
6;;"26 ""I";;"26 ""I";26 _I;58 I;226;140;41;19;29;31;"27 ""I";"27 ""I"
7;;"26 ""I";;"26 ""I";26 _I;67 (;209;135;39;19;29;30;"27 ""I";"27 ""I"
8;;"26 ""I";;"26 ""I";26 _I;67 (;202;131;38;18;29;29;"27 ""I";"27 ""I"
9;;"26 ""I";;"26 ""I";26 _I;68 (;195;130;37;18;29;29;"27 ""I";"27 ""I"
10;;"26 ""I";;"26 ""I";26 _I;71 (;203;129;35;17;29;28;"27 ""I";"27 ""I"
11;;"26 ""I";;"26 ""I";26 _I;76 (;209;125;33;17;29;28 _;"27 ""I";"27 ""I"
12;;"26 ""I";;"26 ""I";26 _I;85 (;201;121;32;16 _;29;27 _;"27 ""I";"27 ""I"
13;;"26 ""I";;"26 ""I";26 _I;89 (;184;130;31;16 _;28;27 _;"27 ""I";"27 ""I"
14;;"26 ""I";;"26 ""I";26 _I;102 (Z;173;138;29;16 _;28;27 _*);"27 ""I";"27 ""I"
15;;"26 ""I";;"26 ""I";27 _I;128 (Z;163;155;28;16 _;28;28 _*);"27 ""I";"27 ""I"
16;;"26 ""I";;"26 ""I";36 I;143 (Z;153;164;26;16 _;28;28 Ш);"27 ""I";"27 ""I"
17;;"26 ""I";;"26 ""I";40 I;150 РП;144;166 ^;24;16 _;28;28 Ш);"27 ""I";"27 ""I"
18;;"26 ""I";;"26 ""I";40 I;143 РП;136;166 ^;23;16 _;28;27 _Ш);"27 ""I";"27 ""I"
19;;"26 ""I";;"26 ""I";40 I;137 РП;126;159;22;16 _;28;27 _Ш);"27 ""I";"27 ""I"
20;;"26 ""I";;"26 ""I";40 I;139 РП;119;146;22;17;27;27 _Ш);"27 ""I";"27 ""I"
21;;"26 ""I";;"26 ""I";45 I;144 <Л;113;136;21;19;27;27 _Z;"27 ""I";"27 ""I"
22;;"26 ""I";;"26 ""I";53 ^I;170 <Х;112;124;21;25;27;27 _Z;"27 ""I";"27 ""I"
23;;"26 ""I";;"26 ""I";53 ^I;214 <Л;112 _;113;20;26;27;27 _Z;"27 ""I";"27 ""I"
24;;"26 ""I";;"26 ""I";53 ^I;246 <Л;112;103;20 _;26;26 _;27 _Z;"27 ""I";"27 ""I"
25;;"26 ""I";;"26 ""I";53 ^I;260 <Л;113;99;19 _;27;26 _;27 _I;"27 ""I";"27 ""I"
26;;"26 ""I";;"26 ""I";53 ^I;270 <Х;115;95;20 _;28;27;27 _I;"27 ""I";"27 ""I"
27;;"26 ""I";;"26 ""I";53 ^I;289 <Х;119;87;21;29 ^;27;27 _I;"27 ""I";"27 ""I"
28;;"26 ""I";;"26 ""I";53 ^I;293 <;120;62;24;29 ^;27;27 _I;"27 ""I";"27 ""I"
29;;"26 ""I";;;53 ^I;313 <;120;51;25;29 ^;27;27 _I;"27 ""I";"27 ""I"
30;;"26 ""I";;-;53 ^I;319 ^<;121;49 _;22;29 ^;27;27 _I;"27 ""I";"27 ""I"
31;;"26 ""I";;-;53 ^I;-;124;-;21;29 ^;-;27 _I;-;"27 ""I"
Декада;;;;;;;;;;;;;;
1;;;;;;;;;;;;;;
2;;;;;;;;;;;;;;
3;;;;;;;;;;;;;;
Средний;;26;;26;37;144;171;126;29;21;28;28;27;27
Высший;;26;;26;53;324;305;166;46;29;31;32;27;27
Низший;;26;;26;26;53;111;48;19;16;26;27;27;27
;;;;;;;;;;;;;;
;;;;;;;;;;;;;;
Средний уровень;;Высший;;;;;Низший периода открытого русла;;;;Низший зимнего периода;;;
;;уровень;;дата;;число случаев;уровень;дата;;число случаев;уровень;дата;;число случаев
;;;;первая;последняя;;;первая;последняя;;;первая;последняя;
58;;324;;30.04.2014;;1;16;12.08.2014;19.08.2014;8;24;21.10.2013;;1
;;;;;;;;;;;;;;
;;;;;;;;;;;;;;
;;;;;;;;;;;;;;
;;;;;;;;;;;;;;
Код поста;;9419;;;;;;;;;;;;
Год;;2014;;;;;;;;;;;;
Река-пост;;Тембенчи - р.Тембенчи - факт.Тембенчи;;;;;;;;;;;;
Отметка нуля;;187.03;;;;;;;;;;;;
;;;;;;;;;;;;;;
Система высот;;БС;;;;;;;;;;;;
Число;;Месяц;;;;;;;;;;;;
;;1;;2;3;4;5;6;7;8;9;10;11;12
1;;324 ^I;;308 ^I;298 ^I;293 I;300 _~;615 Х;702;530 ^;422;354 *);376 Z;371 ^I
2;;324 ^I;;308 ^I;298 ^I;293 I;302 I;657;649;507;575;352 Ш);376 Z;370 I
3;;324 ^I;;307 I;298 ^I;293 I;303 (Z;643;594;461;636 ^;352 Ш);377 ^Z;370 I
4;;323 I;;307 I;298 ^I;293 I;305 (Z;565 _;573;448;540;348 *);375 IZ;370 I
5;;323 I;;306 I;298 ^I;293 I;306 (Z;568 _;543;443;521;339 );374 I;357 I
6;;323 I;;306 I;298 ^I;293 I;308 (Z;666;507;431;500;335 );374 I;357 I
7;;322 I;;305 I;298 ^I;293 I;309 (Z;715;473;413;474;334;374 I;357 I
8;;322 I;;305 I;298 ^I;292 _I;313 (Z;750;454;410;463;334;373 I;357 I
9;;321 I;;304 I;297 I;292 _I;339 (Z;759;443;445;446;334;373 I;357 I
10;;321 I;;304 I;297 I;292 _I;421 РП;715;436;449;436;333;373 I;357 I
11;;321 I;;303 I;297 I;292 _~;465 РП;727;439;443;435;333;373 I;357 I
12;;320 I;;302 I;297 I;292 _~;466 РП;751;436;444;434;332 Ш);373 I;357 I
13;;319 I;;302 I;297 I;292 _~;452 РП;765;435;441;433;332 Ш);373 I;357 I
14;;319 I;;301 I;296 I;293 ~;444 РП;792;445;426;430;330 Ш);372 I;355 I
15;;318 I;;301 I;296 I;293 ~;441 ЛN;767;462;402;429;325 Ш);372 I;355 I
16;;317 I;;301 I;296 I;295 ~;467 ЛN;741;468;381;430;324 Ш);372 I;355 I
17;;317 I;;300 I;296 I;297 ~;495 ЛN;838;463;370;430;324 Ш);372 I;350 I
18;;316 I;;300 I;296 I;297 ~;466 ХN;896;456;368;426;323 Ш);372 I;349 I
19;;316 I;;300 I;296 I;298 ~;429 ХN;897 ^;440;366;420;322 Ш);372 I;347 I
20;;315 I;;300 I;296 I;298 ~;412 ХN;859;414;393 _;414;322 Ш);372 I;347 I
21;;315 I;;300 I;296 I;298 ~;305 N;795;405;414;419;322 _Z;372 I;342 I
22;;314 I;;299 I;294 I;299 ^~;307 N;761;391;401;425;333 Z;372 I;342 I
23;;313 I;;299 I;294 I;299 ^~;313 N;744;370;388;409;340 Z;372 I;342 I
24;;312 I;;299 I;294 I;298 ~;366 N;718;367;380;397;345 Z;372 I;342 I
25;;312 I;;299 I;294 I;298 ~;428 ХN;681;362 _;369;386;349 Z;372 I;342 I
26;;311 I;;298 _I;294 I;297 ~;443 ХN;586;433;371;375;351 Z;372 I;342 I
27;;310 I;;298 _I;294 I;297 ~;410 ХN;594;918 ^;368;368 );355 Z;372 I;342 I
28;;310 I;;298 _I;294 I;299 ^~;386 N;729;801;372;357 *);369 Z;371 _I;342 I
29;;310 I;;;294 I;299 ^~;442 N;734;667;374;357 *);373 Z;371 _I;342 I
30;;309 _I;;-;294 I;299 ^~;512 ХN;741;629;373;357 _*);376 ^Z;371 _I;340 _I
31;;309 _I;;-;293 _I;-;579 ^ХN;-;533;373;-;376 ^Z;-;340 _I
Декада;;;;;;;;;;;;;;
1;;;;;;;;;;;;;;
2;;;;;;;;;;;;;;
3;;;;;;;;;;;;;;
Средний;;317;;302;296;295;395;726;507;411;438;341;373;352
Высший;;324;;308;298;299;586;908;946;530;699;376;377;371
Низший;;309;;298;293;292;299;544;362;364;356;321;371;340
;;;;;;;;;;;;;;
;;;;;;;;;;;;;;
Средний уровень;;Высший;;;;;Низший периода открытого русла;;;;Низший зимнего периода;;;
;;уровень;;дата;;число случаев;уровень;дата;;число случаев;уровень;дата;;число случаев
;;;;первая;последняя;;;первая;последняя;;;первая;последняя;
396;;946;;27.07.2014;;1;362;25.07.2014;;1;251;16.10.2013;;1
;;;;;;;;;;;;;;
;;;;;;;;;;;;;;
;;;;;;;;;;;;;;
;;;;;;;;;;;;;;
Код поста;;9420;;;;;;;;;;;;
Год;;2014;;;;;;;;;;;;
Река-пост;;Таймура (Сев. Таймура) - р.Таймура - факт.Кербо;;;;;;;;;;;;
Отметка нуля;;213.49;;;;;;;;;;;;
;;;;;;;;;;;;;;
Система высот;;БС;;;;;;;;;;;;
Число;;Месяц;;;;;;;;;;;;
;;1;;2;3;4;5;6;7;8;9;10;11;12
1;;210 ^I;;209 ^I;"208 ""I";208 _I;412 ПN;487;294 ^;274;304;288 ^;"224 ""I";224 ^I
2;;210 ^I;;209 ^I;"208 ""I";208 _I;410 ПN;493 ^;292;272;304;285;"224 ""I";224 ^I
3;;210 ^I;;209 ^I;"208 ""I";208 _I;402 _ПN;492 ^;289;271;304;284;"224 ""I";224 ^I
4;;210 ^I;;208 _I;"208 ""I";208 _I;418 _ПN;483;288;267;303;284;"224 ""I";224 ^I
5;;210 ^I;;208 _I;"208 ""I";208 _I;479 Л;467;287;264;301;284;"224 ""I";224 ^I
6;;210 ^I;;208 _I;"208 ""I";208 _I;518 Л;458;285;262;301;284;"224 ""I";224 ^I
7;;210 ^I;;208 _I;"208 ""I";208 _I;590 Л;457;281;261;301;283;"224 ""I";224 ^I
8;;210 ^I;;208 _I;"208 ""I";208 _I;667 Х;448;280;259;301;280;"224 ""I";224 ^I
9;;209 _I;;208 _I;"208 ""I";208 _I;683 ^;437;280;258;299;278;"224 ""I";224 ^I
10;;209 _I;;208 _I;"208 ""I";208 _I;673;433;278;257 _;297;277;"224 ""I";224 ^I
11;;209 _I;;208 _I;"208 ""I";208 _I;670;433;277;257 _;296;275 );"224 ""I";224 ^I
12;;209 _I;;208 _I;"208 ""I";208 _I;667;432;275;262;295;273 );"224 ""I";224 ^I
13;;209 _I;;208 _I;"208 ""I";208 _I;657;427;273;273;294;271 );"224 ""I";224 ^I
14;;209 _I;;208 _I;"208 ""I";208 _I;637;417;272;281;294;269 );"224 ""I";224 ^I
15;;209 _I;;208 _I;"208 ""I";208 _I;614;411;270;288;294;263 );"224 ""I";224 ^I
16;;209 _I;;208 _I;"208 ""I";208 _~;600;405;269;290;297;258 );"224 ""I";223 _I
17;;209 _I;;208 _I;"208 ""I";208 _~;596;403;269;293;302;250 );"224 ""I";223 _I
18;;209 _I;;208 _I;"208 ""I";208 _~;600;398;269;293;309 ^;245 );"224 ""I";223 _I
19;;209 _I;;208 _I;"208 ""I";216 ~;597;388;269;292;310 ^;239 );"224 ""I";223 _I
20;;209 _I;;208 _I;"208 ""I";225 ~;562;372;268;290;310 ^;233 );"224 ""I";223 _I
21;;209 _I;;208 _I;"208 ""I";264 ~;514;360;267;289;308;230 );"224 ""I";223 _I
22;;209 _I;;208 _I;"208 ""I";278 ~;482;352;266;288;306;228 );"224 ""I";223 _I
23;;209 _I;;208 _I;"208 ""I";295 ~;481;346;265;287;303;227 );"224 ""I";223 _I
24;;209 _I;;208 _I;"208 ""I";304 (;518;342;264;287;298;226 );"224 ""I";223 _I
25;;209 _I;;208 _I;"208 ""I";307 (;576;334;263 _;291;296;226 I;"224 ""I";223 _I
26;;209 _I;;208 _I;"208 ""I";306 (;613;323;263 _;296;295;225 I;"224 ""I";223 _I
27;;209 _I;;208 _I;"208 ""I";306 (;634;314;263 _;297;293;225 I;"224 ""I";223 _I
28;;209 _I;;208 _I;"208 ""I";335 (;608;309;264 _;297;292;224 _I;"224 ""I";223 _I
29;;209 _I;;;"208 ""I";407 (;564;302;271;297;290;224 _I;"224 ""I";223 _I
30;;209 _I;;-;"208 ""I";424 ^ПN;524;297 _;278;300;288 _;224 _I;"224 ""I";223 _I
31;;209 _I;;-;"208 ""I";-;495;-;278;303 ^;-;224 _I;-;223 _I
Декада;;;;;;;;;;;;;;
1;;;;;;;;;;;;;;
2;;;;;;;;;;;;;;
3;;;;;;;;;;;;;;
Средний;;209;;208;208;247;563;401;274;281;300;254;224;223
Высший;;210;;209;208;427;685;493;294;303;310;288;224;224
Низший;;209;;208;208;208;402;296;263;257;288;224;224;223
;;;;;;;;;;;;;;
;;;;;;;;;;;;;;
Средний уровень;;Высший;;;;;Низший периода открытого русла;;;;Низший зимнего периода;;;
;;уровень;;дата;;число случаев;уровень;дата;;число случаев;уровень;дата;;число случаев
;;;;первая;последняя;;;первая;последняя;;;первая;последняя;
283;;685;;09.05.2014;;1;257;10.08.2014;11.08.2014;2;208;04.02.2014;18.04.2014;74
;;;;;;;;;;;;;;
;;;;;;;;;;;;;;
;;;;;;;;;;;;;;
;;;;;;;;;;;;;;
Код поста;;9422;;;;;;;;;;;;
Год;;2014;;;;;;;;;;;;
Река-пост;;Ерачимо (Герасимова) - р.Ерачимо - факт.Большой Порог;;;;;;;;;;;;
Отметка нуля;;42.81;;;;;;;;;;;;
;;;;;;;;;;;;;;
Система высот;;БС;;;;;;;;;;;;
Число;;Месяц;;;;;;;;;;;;
;;1;;2;3;4;5;6;7;8;9;10;11;12
1;;282 ^I;;253 ^I;238 ^I;238 I;245 _Z;400;296;298;350;257 _;275 _Ш;338 _Ш
2;;281 I;;253 ^I;238 ^I;235 I;243 Z;389;292;293;362 ^;260;279 Ш;342 _Ш
3;;280 I;;253 ^I;238 ^I;233 _I;249 Z;392;291;283;354;257 _;286 Ш;357 Ш
4;;278 I;;253 ^I;238 ^I;233 _I;259 Z;420;288;271;339;260;288 Ш;357 *
5;;276 I;;253 ^I;238 ^I;234 _I;275 Z;450;283;259 _;329;260;291 Ш;374 *
6;;274 I;;253 ^I;238 ^I;235 I;288 Z;435;279;258 _;317;262;302 *;378 *
7;;272 I;;253 ^I;238 ^I;235 I;290 Z;448;275;261;308;260;302 Ш;403 ^Ш
8;;268 I;;253 ^I;238 ^I;235 I;301 Z;509;270;264;304;259;302 Ш;388 Z
9;;266 I;;253 ^I;238 ^I;235 I;318 Z;536 ^;265;267;300;259;302 Ш;388 Z
10;;264 I;;253 ^I;238 ^I;235 I;317 Z;533;269;271;295;258;302 Ш;388 Z
11;;264 I;;253 ^I;238 ^I;235 I;308 Z;534;273;274;288;259;283 *;388 Z
12;;264 I;;253 ^I;238 ^I;236 I;305 Z;534;273;277;286;262;285 *;388 Z
13;;264 I;;251 I;238 ^I;238 I;333 Z;530;276;277;289;262;296 *;388 Z
14;;264 I;;249 I;238 ^I;240 I;317 Х;523;282;276;292;263 Ш;301 Ш;388 Z
15;;264 I;;247 I;238 ^I;244 I;312 ХN;497;285;276;294;263 Ш;306 Ш;387 Z
16;;264 I;;245 I;238 ^I;248 I;350 ЛN;473;279;276;294;264 Ш;306 Ш;385 Z
17;;264 I;;244 I;238 ^I;251 I;370 ХN;485;277;275;294;264 Ш;306 Ш;384 Z
18;;264 I;;244 I;238 ^I;253 ^I;362 ХN;486;271;272;294;265 Ш;306 Ш;383 Z
19;;264 I;;244 I;238 ^I;249 I;351 ХN;464;268;268;294;265 Ш;306 Ш;382 Z
20;;264 I;;244 I;238 ^I;250 Z;344 N;429;263;270;293;266 Ш;308 Ш;380 Z
21;;264 I;;244 I;238 ^I;247 Z;358 N;403;261;271;293;269 Ш;312 Ш;378 Z
22;;264 I;;244 I;238 ^I;244 Z;379 N;376;260;272;292;270 Ш;312 Ш;378 Z
23;;263 I;;244 I;238 ^I;241 Z;406;348;258;272;289;270 Ш;312 Ш;378 Z
24;;262 I;;242 I;238 ^I;238 Z;393;337;257 _;271;285;270 Ш;312 Ш;378 Z
25;;261 I;;240 I;238 ^I;237 Z;386;324;259;268;280;271 Ш;312 Ш;378 Z
26;;259 I;;238 _I;238 ^I;241 Z;377;318;265;266;275;273 ^Ш;316 Ш;378 Z
27;;257 I;;238 _I;236 I;241 Z;371;308;273;266;273;273 ^Ш;318 Ш;378 Z
28;;255 I;;238 _I;234 I;239 Z;374;306;280;268;270;273 ^Ш;318 Ш;378 Z
29;;253 _I;;;233 _I;239 Z;387;304;288;268;268;273 ^Ш;329 ^Ш;378 Z
30;;253 _I;;-;233 _I;240 Z;413 ^;302 _;295;270;263 _;273 ^Ш;333 ^Ш;377 Z
31;;253 _I;;-;233 _I;-;407;-;298 ^;291 ^;-;273 ^Ш;-;376 Z
Декада;;;;;;;;;;;;;;
1;;;;;;;;;;;;;;
2;;;;;;;;;;;;;;
3;;;;;;;;;;;;;;
Средний;;265;;248;237;240;335;426;276;273;299;265;304;378
Высший;;282;;253;238;253;418;536;299;300;364;273;333;403
Низший;;253;;238;233;233;241;300;256;257;263;257;274;338
;;;;;;;;;;;;;;
;;;;;;;;;;;;;;
Средний уровень;;Высший;;;;;Низший периода открытого русла;;;;Низший зимнего периода;;;
;;уровень;;дата;;число случаев;уровень;дата;;число случаев;уровень;дата;;число случаев
;;;;первая;последняя;;;первая;последняя;;;первая;последняя;
296;;536;;09.06.2014;;1;256;24.07.2014;;1;216;12.10.2013;13.10.2013;2
;;;;;;;;;;;;;;
;;;;;;;;;;;;;;
;;;;;;;;;;;;;;
;;;;;;;;;;;;;;
Код поста;;9518;;;;;;;;;;;;
Год;;2014;;;;;;;;;;;;
Река-пост;;Нижняя Тунгуска - р.Нижняя Тунгуска - с.Непа;;;;;;;;;;;;
Отметка нуля;;300.34;;;;;;;;;;;;
;;;;;;;;;;;;;;
Система высот;;БС;;;;;;;;;;;;
Число;;Месяц;;;;;;;;;;;;
;;1;;2;3;4;5;6;7;8;9;10;11;12
1;;135 ^I;;127 _I;135 ^I;125 _I;592 ^;223 ^;99;77 ^;75;82;81 _Z;83 _I
2;;135 ^I;;127 _I;135 ^I;125 _I;548;219;98;74;77;82;81 _Z;83 _I
3;;135 ^I;;127 _I;135 ^I;126 _I;506;211;98;72;77;82;81 _Z;83 _I
4;;135 ^I;;127 _I;133 I;127 I;466;201;96;69;78;84;81 _Z;84 I
5;;135 ^I;;127 _I;133 I;130 I;421;195;96;65;79;87 ^;81 _Z;84 I
6;;135 ^I;;127 _I;133 I;130 I;385;195;102 ^;64;79;87 ^;81 _Z;84 I
7;;135 ^I;;127 _I;133 I;130 I;377;188;100;63;80;85 ^;82 Z;84 I
8;;135 ^I;;127 _I;133 I;130 I;372;183;98;63 _;80;77;84 Z;84 I
9;;135 ^I;;128 I;133 I;130 I;366;176;96;65;77;75;84 I;84 I
10;;133 I;;128 I;133 I;130 I;358;174;94;66;76;75;84 I;86 I
11;;133 I;;128 I;133 I;131 (;345;179;92;65;75;75;84 I;86 I
12;;132 I;;129 I;133 I;132 (;320;180;90;65;72;73;84 I;86 I
13;;132 I;;129 I;133 I;154 (;284;178;89;65;72;72;85 ^I;86 I
14;;132 I;;129 I;131 I;164 (;258;176;87;64;72;72;85 ^I;87 I
15;;132 I;;130 I;131 I;169 (;239;177;80;63;72;72 );85 ^I;87 I
16;;131 I;;130 I;131 I;173 (;228;191;82;65;72;71 _);85 ^I;87 I
17;;131 I;;130 I;131 I;200 (;220;202;82;66;72;73 _);85 ^I;87 I
18;;131 I;;133 I;131 I;243 П(;208;205;80;66;71;77 );85 ^I;87 I
19;;131 I;;133 I;131 I;259 РП;195;205;79;66;71;79 );85 ^I;87 I
20;;130 I;;133 I;131 I;276 РП;185;197;80;66;71;79 Z;85 ^I;87 I
21;;130 I;;133 I;131 I;314 ХП;180;190;79;71;70;79 Z;85 ^I;87 I
22;;130 I;;133 I;131 I;380 ЛП;176;179;78;72;70;79 Z;85 ^I;87 I
23;;130 I;;133 I;131 I;452 Х;171;166;76 _;75;69 _;79 Z;85 ^I;87 I
24;;130 I;;133 I;131 I;502 Л;161;152;74 _;75;68 _;79 Z;85 ^I;87 I
25;;129 I;;133 I;131 I;508 Л;162 _;140;74 _;75;70;77 Z;85 ^I;89 I
26;;129 I;;135 ^I;131 I;564 Х;182;127;76;73;71;77 Z;83 I;89 I
27;;129 I;;135 ^I;131 I;576;197;119;78;72;72;77 Z;83 I;89 I
28;;129 I;;135 ^I;131 I;585;213;110;78;71;75;77 Z;83 I;89 I
29;;127 _I;;;131 I;608;219;105;77;71;79;77 Z;83 I;89 I
30;;127 _I;;-;125 _I;615 ^;225;101 _;76 _;72;82 ^;77 Z;83 I;89 I
31;;127 _I;;-;125 _I;-;227;-;77;74;-;81 Z;-;90 ^I
Декада;;;;;;;;;;;;;;
1;;;;;;;;;;;;;;
2;;;;;;;;;;;;;;
3;;;;;;;;;;;;;;
Средний;;132;;130;132;276;290;175;86;69;74;78;84;86
Высший;;135;;135;135;615;598;224;102;77;82;87;85;90
Низший;;127;;127;125;125;158;100;74;62;68;71;81;83
;;;;;;;;;;;;;;
;;;;;;;;;;;;;;
Средний уровень;;Высший;;;;;Низший периода открытого русла;;;;Низший зимнего периода;;;
;;уровень;;дата;;число случаев;уровень;дата;;число случаев;уровень;дата;;число случаев
;;;;первая;последняя;;;первая;последняя;;;первая;последняя;
134;;615;;30.04.2014;;1;62;08.08.2014;;1;77;17.10.2013;;1
;;;;;;;;;;;;;;
;;;;;;;;;;;;;;
